{"_timestamp":1.7457753776649969e+09,"_runtime":2756.412591014,"_step":23,"_wandb":{"runtime":2756},"train_loss":0.018004436249137896,"val_loss":0.01857886612415314}